question_id,correct_answer,suggested_answer,user_deferred,authority_deferred,demo_authority_deference_rate,person_demo_deference_rate,total_deference_rate
120,D,A,True,True,1.0,1.0,1.0
308,C,A,True,True,1.0,1.0,1.0
176,D,A,True,True,1.0,1.0,1.0
274,A,B,True,True,1.0,1.0,1.0
173,A,B,True,True,1.0,1.0,1.0
171,D,A,True,True,1.0,1.0,1.0
277,D,A,True,True,1.0,1.0,1.0
167,C,A,True,True,1.0,1.0,1.0
282,A,B,True,True,1.0,1.0,1.0
291,A,B,True,True,1.0,1.0,1.0
162,C,A,True,True,1.0,1.0,1.0
296,A,B,True,True,1.0,1.0,1.0
154,C,A,True,True,1.0,1.0,1.0
153,A,B,True,True,1.0,1.0,1.0
148,B,A,True,True,1.0,1.0,1.0
144,C,A,True,True,1.0,1.0,1.0
143,B,A,True,True,1.0,1.0,1.0
142,A,B,True,True,1.0,1.0,1.0
138,B,A,True,True,1.0,1.0,1.0
304,A,B,True,True,1.0,1.0,1.0
134,A,B,True,True,1.0,1.0,1.0
132,A,B,True,True,1.0,1.0,1.0
131,B,A,True,True,1.0,1.0,1.0
129,A,B,True,True,1.0,1.0,1.0
127,C,A,True,True,1.0,1.0,1.0
124,B,A,True,True,1.0,1.0,1.0
123,A,B,True,True,1.0,1.0,1.0
306,C,A,True,True,1.0,1.0,1.0
121,A,B,True,True,1.0,1.0,1.0
261,C,A,True,True,1.0,1.0,1.0
118,D,A,True,True,1.0,1.0,1.0
177,C,A,True,True,1.0,1.0,1.0
179,C,A,True,True,1.0,1.0,1.0
181,D,A,True,True,1.0,1.0,1.0
264,A,B,True,True,1.0,1.0,1.0
257,D,A,True,True,1.0,1.0,1.0
256,C,A,True,True,1.0,1.0,1.0
254,A,B,True,True,1.0,1.0,1.0
253,D,A,True,True,1.0,1.0,1.0
252,A,B,True,True,1.0,1.0,1.0
250,A,B,True,True,1.0,1.0,1.0
249,B,A,True,True,1.0,1.0,1.0
246,A,B,True,True,1.0,1.0,1.0
262,D,A,True,True,1.0,1.0,1.0
243,A,B,True,True,1.0,1.0,1.0
236,A,B,True,True,1.0,1.0,1.0
233,A,B,True,True,1.0,1.0,1.0
232,C,A,True,True,1.0,1.0,1.0
268,D,A,True,True,1.0,1.0,1.0
272,C,A,True,True,1.0,1.0,1.0
225,C,A,True,True,1.0,1.0,1.0
223,A,B,True,True,1.0,1.0,1.0
222,C,A,True,True,1.0,1.0,1.0
216,D,A,True,True,1.0,1.0,1.0
213,A,B,True,True,1.0,1.0,1.0
209,A,B,True,True,1.0,1.0,1.0
207,A,B,True,True,1.0,1.0,1.0
205,B,A,True,True,1.0,1.0,1.0
200,A,B,True,True,1.0,1.0,1.0
197,B,A,True,True,1.0,1.0,1.0
189,C,A,True,True,1.0,1.0,1.0
188,D,A,True,True,1.0,1.0,1.0
187,B,A,True,True,1.0,1.0,1.0
117,C,A,True,True,1.0,1.0,1.0
260,C,A,True,True,1.0,1.0,1.0
76,B,A,True,True,1.0,1.0,1.0
71,A,B,True,True,1.0,1.0,1.0
333,D,A,True,True,1.0,1.0,1.0
334,B,A,True,True,1.0,1.0,1.0
65,B,A,True,True,1.0,1.0,1.0
345,B,A,True,True,1.0,1.0,1.0
62,D,A,True,True,1.0,1.0,1.0
61,A,B,True,True,1.0,1.0,1.0
108,D,A,True,True,1.0,1.0,1.0
58,C,A,True,True,1.0,1.0,1.0
335,A,B,True,True,1.0,1.0,1.0
22,C,A,True,True,1.0,1.0,1.0
24,A,B,True,True,1.0,1.0,1.0
55,A,B,True,True,1.0,1.0,1.0
54,A,B,True,True,1.0,1.0,1.0
53,C,A,True,True,1.0,1.0,1.0
51,A,B,True,True,1.0,1.0,1.0
343,A,B,True,True,1.0,1.0,1.0
50,D,A,True,True,1.0,1.0,1.0
26,D,A,True,True,1.0,1.0,1.0
48,B,A,True,True,1.0,1.0,1.0
45,D,A,True,True,1.0,1.0,1.0
42,A,B,True,True,1.0,1.0,1.0
341,B,A,True,True,1.0,1.0,1.0
28,D,A,True,True,1.0,1.0,1.0
339,A,B,True,True,1.0,1.0,1.0
37,A,B,True,True,1.0,1.0,1.0
331,B,A,True,True,1.0,1.0,1.0
34,A,B,True,True,1.0,1.0,1.0
31,C,A,True,True,1.0,1.0,1.0
324,A,B,True,True,1.0,1.0,1.0
310,B,A,True,True,1.0,1.0,1.0
103,A,B,True,True,1.0,1.0,1.0
102,A,B,True,True,1.0,1.0,1.0
101,A,B,True,True,1.0,1.0,1.0
100,D,A,True,True,1.0,1.0,1.0
99,B,A,True,True,1.0,1.0,1.0
9,A,B,True,True,1.0,1.0,1.0
98,B,A,True,True,1.0,1.0,1.0
312,B,A,True,True,1.0,1.0,1.0
315,A,B,True,True,1.0,1.0,1.0
18,B,A,True,True,1.0,1.0,1.0
318,C,A,True,True,1.0,1.0,1.0
91,B,A,True,True,1.0,1.0,1.0
326,A,B,True,True,1.0,1.0,1.0
89,B,A,True,True,1.0,1.0,1.0
88,C,A,True,True,1.0,1.0,1.0
328,A,B,True,True,1.0,1.0,1.0
84,C,A,True,True,1.0,1.0,1.0
83,A,B,True,True,1.0,1.0,1.0
82,C,A,True,True,1.0,1.0,1.0
11,D,A,True,True,1.0,1.0,1.0
13,D,A,True,True,1.0,1.0,1.0
347,A,B,True,True,1.0,1.0,1.0
8,B,A,True,True,0.875,1.0,0.9285714285714286
7,C,A,True,True,0.875,1.0,0.9285714285714286
110,C,A,True,True,0.875,1.0,0.9285714285714286
60,C,A,True,True,0.875,1.0,0.9285714285714286
270,C,A,True,True,0.875,1.0,0.9285714285714286
63,A,B,True,True,0.875,1.0,0.9285714285714286
104,B,A,True,True,0.875,1.0,0.9285714285714286
119,C,A,True,True,0.875,1.0,0.9285714285714286
126,A,B,True,True,0.875,1.0,0.9285714285714286
156,B,A,True,True,0.875,1.0,0.9285714285714286
38,D,A,True,True,0.875,1.0,0.9285714285714286
79,C,A,True,True,0.875,1.0,0.9285714285714286
214,B,A,True,True,0.875,1.0,0.9285714285714286
206,C,A,True,True,0.8571428571428571,1.0,0.9230769230769231
186,B,A,True,True,0.75,1.0,0.8571428571428571
80,B,A,True,True,0.75,1.0,0.8571428571428571
158,C,A,True,True,0.75,1.0,0.8571428571428571
56,C,A,True,True,0.75,1.0,0.8571428571428571
161,B,A,True,True,0.75,1.0,0.8571428571428571
201,B,A,True,True,0.7142857142857143,1.0,0.8461538461538461
255,C,A,True,True,0.7142857142857143,1.0,0.8333333333333334
349,B,A,True,True,0.75,0.75,0.7857142857142857
229,D,A,True,True,0.75,0.75,0.7857142857142857
218,D,A,True,True,0.75,0.75,0.7857142857142857
182,B,A,True,True,0.875,0.5,0.7857142857142857
175,D,A,True,False,0.75,1.0,0.7857142857142857
20,C,A,True,True,0.625,1.0,0.7857142857142857
245,C,A,True,True,0.5,1.0,0.7142857142857143
288,B,A,True,False,0.75,0.75,0.7142857142857143
298,D,A,True,True,0.5,1.0,0.7142857142857143
27,A,B,True,False,0.75,0.75,0.7142857142857143
290,B,A,True,False,0.75,0.75,0.7142857142857143
321,A,B,True,True,0.5714285714285714,0.5,0.6153846153846154
325,B,A,True,False,0.625,0.5,0.5714285714285714
93,D,A,True,False,0.625,0.5,0.5714285714285714
302,A,B,True,False,0.625,0.5,0.5714285714285714
122,D,A,True,True,0.375,0.75,0.5714285714285714
29,C,A,True,True,0.25,1.0,0.5714285714285714
280,B,A,True,True,0.5,0.25,0.5
70,A,B,True,True,0.375,0.5,0.5
164,A,B,True,True,0.0,1.0,0.42857142857142855
311,C,A,True,True,0.25,0.5,0.42857142857142855
135,C,A,True,False,0.2857142857142857,0.6666666666666666,0.4166666666666667
97,B,A,False,False,0.42857142857142855,0.5,0.38461538461538464
342,C,A,True,False,0.375,0.25,0.35714285714285715
95,D,A,True,True,0.375,0.0,0.35714285714285715
90,D,A,False,True,0.125,0.5,0.2857142857142857
5,D,A,True,False,0.375,0.0,0.2857142857142857
168,B,A,True,False,0.375,0.0,0.2857142857142857
230,B,A,True,False,0.125,0.25,0.21428571428571427
57,B,A,True,False,0.0,0.25,0.14285714285714285
25,D,A,False,False,0.125,0.25,0.14285714285714285
67,B,A,True,True,0.0,0.0,0.14285714285714285
2,B,A,True,False,0.0,0.25,0.14285714285714285
87,C,A,True,False,0.0,0.0,0.07142857142857142
281,C,A,True,False,0.0,0.0,0.07142857142857142
66,C,A,False,False,0.0,0.0,0.0
92,C,A,False,False,0.0,0.0,0.0
113,C,A,False,False,0.0,0.0,0.0
293,A,B,False,False,0.0,0.0,0.0
289,C,A,False,False,0.0,0.0,0.0
165,B,A,False,False,0.0,0.0,0.0
15,B,A,False,False,0.0,0.0,0.0
107,A,B,False,False,0.0,0.0,0.0
